train_loss,val_loss
2.72775936126709,3.9217584133148193
2.2491252422332764,2.854149341583252
0.3071594834327698,1.062868356704712
0.11183413118124008,0.6153587102890015
0.08958780765533447,0.5819210410118103
0.07599517703056335,0.5591665506362915
0.06473945081233978,0.5358949899673462
0.05496368557214737,0.5050453543663025
0.04635515436530113,0.44869405031204224
0.038727663457393646,0.25869014859199524
0.031965333968400955,0.05114110931754112
0.02600201591849327,0.025900114327669144
0.020808421075344086,0.015332897193729877
0.016380004584789276,0.010388013906776905
0.01272187102586031,0.008145955391228199
0.009829722344875336,0.00731236394494772
0.007664731703698635,0.007182622794061899
0.0061339703388512135,0.007314104586839676
0.005093086510896683,0.007421938702464104
0.004378281068056822,0.007355588022619486
0.0038512591272592545,0.007080576848238707
0.0034233401529490948,0.006638487335294485
0.003050199244171381,0.006097767502069473
0.0027137650176882744,0.005518889985978603
0.002407271880656481,0.004943359177559614
0.0021279833745211363,0.004394428804516792
0.0018742673564702272,0.003883649595081806
0.001644726493395865,0.0034154553432017565
0.0014379722997546196,0.0029905724804848433
0.0012525271158665419,0.002607756992802024
0.0010869348188862205,0.0022648016456514597
0.000939699006266892,0.0019591553136706352
0.000809342716820538,0.00168798235245049
0.0006944327615201473,0.0014485229039564729
0.0005935781518928707,0.001238119089975953
0.0005054504727013409,0.0010539977811276913
0.00042874724022112787,0.0008936223457567394
0.0003622907097451389,0.0007545232074335217
0.00030495572718791664,0.0006344473804347217
0.0002557022380642593,0.000531271449290216
0.00021356662909965962,0.0004430047993082553
0.00017768358520697802,0.0003678274806588888
0.00014724154607392848,0.00030410991166718304
0.00012154072464909405,0.00025031386758200824
9.993214916903526e-05,0.00020513155322987586
8.183794125216082e-05,0.0001673433871474117
6.674668111372739e-05,0.00013589813897851855
5.422735557658598e-05,0.00010984289110638201
4.388088927953504e-05,8.835383778205141e-05
3.536863732733764e-05,7.072485459502786e-05
2.839371154550463e-05,5.634644185192883e-05
2.2705606170347892e-05,4.465029633138329e-05
1.8084412658936344e-05,3.5186832974432036e-05
1.4350276615004987e-05,2.7589347155299038e-05
1.134301237470936e-05,2.1503921743715182e-05
8.935300684242975e-06,1.6662399502820335e-05
7.013545200607041e-06,1.2830871128244326e-05
5.48785556020448e-06,9.824367225519381e-06
4.2819315240194555e-06,7.465433554898482e-06
3.3326803077216027e-06,5.637382400891511e-06
2.589094492577715e-06,4.2269225559721235e-06
2.0092447812203318e-06,3.14699445880251e-06
1.5598277514072834e-06,2.3265531581273535e-06
1.2125826742703794e-06,1.7067701492123888e-06
9.454998917135526e-07,1.246632450602192e-06
7.413851790261106e-07,9.067915698324214e-07
5.857544351783872e-07,6.590441330445174e-07
4.6814375309622847e-07,4.820055892196251e-07
3.7934827901153767e-07,3.572603475276992e-07
3.130077743662696e-07,2.716518849865679e-07
2.6329900038035703e-07,2.14699483080949e-07
2.264412444219488e-07,1.7854327438726614e-07
1.9924932814774365e-07,1.5715851020559057e-07
1.7918866035415704e-07,1.4624254163209116e-07
1.6458358231830061e-07,1.4248163893171295e-07
1.5387885810014268e-07,1.4318575836114178e-07
1.462922227801755e-07,1.47008833550899e-07
1.4086376154409663e-07,1.521428458772789e-07
1.3687893840597098e-07,1.5839410139051324e-07
1.339585509185781e-07,1.6475738107146753e-07
